"Authors","Author full names","Author(s) ID","Title","Year","Source title","Volume","Issue","Art. No.","Page start","Page end","Page count","Cited by","DOI","Link","Affiliations","Authors with affiliations","Document Type","Publication Stage","Open Access","Source","EID"
"Nicolazzo S.; Nocera A.; Ursino D.; Virgili L.","Nicolazzo, Serena (55909074400); Nocera, Antonino (59310100800); Ursino, Domenico (7004353802); Virgili, Luca (57207455746)","55909074400; 59310100800; 7004353802; 57207455746","A privacy-preserving approach to prevent feature disclosure in an IoT scenario","2020","Future Generation Computer Systems","105","","","502","519","17","29","10.1016/j.future.2019.12.017","https://www.scopus.com/inward/record.uri?eid=2-s2.0-85076703563&doi=10.1016%2fj.future.2019.12.017&partnerID=40&md5=b65511b83960604b49092fd039f282f8","Sky Italia, Italy; DIII, University of Pavia, Italy; DII, Polytechnic University of Marche, Italy","Nicolazzo S., Sky Italia, Italy; Nocera A., DIII, University of Pavia, Italy; Ursino D., DII, Polytechnic University of Marche, Italy; Virgili L., DII, Polytechnic University of Marche, Italy","Article","Final","All Open Access; Green Open Access","Scopus","2-s2.0-85076703563"
"Bonifazi G.; Corradini E.; Ursino D.; Virgili L.","Bonifazi, Gianluca (57219209867); Corradini, Enrico (57215600247); Ursino, Domenico (7004353802); Virgili, Luca (57207455746)","57219209867; 57215600247; 7004353802; 57207455746","Defining user spectra to classify Ethereum users based on their behavior","2022","Journal of Big Data","9","1","37","","","","17","10.1186/s40537-022-00586-3","https://www.scopus.com/inward/record.uri?eid=2-s2.0-85127545739&doi=10.1186%2fs40537-022-00586-3&partnerID=40&md5=9605183392cf57a2bf0c8388a0620382","Department of Information Engineering, Polytechnic University of Marche, Ancona, Italy","Bonifazi G., Department of Information Engineering, Polytechnic University of Marche, Ancona, Italy; Corradini E., Department of Information Engineering, Polytechnic University of Marche, Ancona, Italy; Ursino D., Department of Information Engineering, Polytechnic University of Marche, Ancona, Italy; Virgili L., Department of Information Engineering, Polytechnic University of Marche, Ancona, Italy","Article","Final","All Open Access; Gold Open Access; Green Open Access","Scopus","2-s2.0-85127545739"
"Bonifazi G.; Cauteruccio F.; Corradini E.; Giannelli E.; Marchetti M.; Ursino D.; Virgili L.","Bonifazi, Gianluca (57219209867); Cauteruccio, Francesco (55866619400); Corradini, Enrico (57215600247); Giannelli, Edoardo (58749599200); Marchetti, Michele (57761373300); Ursino, Domenico (7004353802); Virgili, Luca (57207455746)","57219209867; 55866619400; 57215600247; 58749599200; 57761373300; 7004353802; 57207455746","A multilayer network-based framework for investigating the evolution and resilience of multimodal social networks","2024","Social Network Analysis and Mining","14","1","5","","","","1","10.1007/s13278-023-01163-z","https://www.scopus.com/inward/record.uri?eid=2-s2.0-85178874734&doi=10.1007%2fs13278-023-01163-z&partnerID=40&md5=d8cbf0bd46d1c696f3e97eb61d1b3acd","DII, Polytechnic University of Marche, Ancona, Italy","Bonifazi G., DII, Polytechnic University of Marche, Ancona, Italy; Cauteruccio F., DII, Polytechnic University of Marche, Ancona, Italy; Corradini E., DII, Polytechnic University of Marche, Ancona, Italy; Giannelli E., DII, Polytechnic University of Marche, Ancona, Italy; Marchetti M., DII, Polytechnic University of Marche, Ancona, Italy; Ursino D., DII, Polytechnic University of Marche, Ancona, Italy; Virgili L., DII, Polytechnic University of Marche, Ancona, Italy","Article","Final","","Scopus","2-s2.0-85178874734"
"Chakraborty J.; Bansal S.K.; Virgili L.; Konar K.; Yaman B.","Chakraborty, Jaydeep (57194019631); Bansal, Srividya K. (15753908600); Virgili, Luca (57207455746); Konar, Krishanu (57221519135); Yaman, Beyza (37662529100)","57194019631; 15753908600; 57207455746; 57221519135; 37662529100","OntoConnect: Unsupervised ontology alignment with recursive neural network","2021","Proceedings of the ACM Symposium on Applied Computing","","","","1874","1882","8","8","10.1145/3412841.3442059","https://www.scopus.com/inward/record.uri?eid=2-s2.0-85099352860&doi=10.1145%2f3412841.3442059&partnerID=40&md5=29b352e4ecbefbc0197b5a7c1b3de808","Arizona State University, School of Computing, Informatics, Decision Systems Engineering, Tempe, AZ, United States; Department of Information Engineering, Polytechnic University of Marche, Ancona, Italy; Media.net, Mumbai, India; Adapt Centre, Dublin City University, Dublin, Ireland","Chakraborty J., Arizona State University, School of Computing, Informatics, Decision Systems Engineering, Tempe, AZ, United States; Bansal S.K., Arizona State University, School of Computing, Informatics, Decision Systems Engineering, Tempe, AZ, United States; Virgili L., Department of Information Engineering, Polytechnic University of Marche, Ancona, Italy; Konar K., Media.net, Mumbai, India; Yaman B., Adapt Centre, Dublin City University, Dublin, Ireland","Conference paper","Final","","Scopus","2-s2.0-85099352860"
"Bonifazi G.; Cauteruccio F.; Corradini E.; Marchetti M.; Sciarretta L.; Ursino D.; Virgili L.","Bonifazi, Gianluca (57219209867); Cauteruccio, Francesco (55866619400); Corradini, Enrico (57215600247); Marchetti, Michele (57761373300); Sciarretta, Luigi (58027736000); Ursino, Domenico (7004353802); Virgili, Luca (57207455746)","57219209867; 55866619400; 57215600247; 57761373300; 58027736000; 7004353802; 57207455746","A Space-Time Framework for Sentiment Scope Analysis in Social Media","2022","Big Data and Cognitive Computing","6","4","130","","","","21","10.3390/bdcc6040130","https://www.scopus.com/inward/record.uri?eid=2-s2.0-85144595047&doi=10.3390%2fbdcc6040130&partnerID=40&md5=4d99ed8b743541f2b60be2e42cc0144d","Department of Information Engineering (DII), Polytechnic University of Marche, Via Brecce Bianche 12, Ancona, 60121, Italy","Bonifazi G., Department of Information Engineering (DII), Polytechnic University of Marche, Via Brecce Bianche 12, Ancona, 60121, Italy; Cauteruccio F., Department of Information Engineering (DII), Polytechnic University of Marche, Via Brecce Bianche 12, Ancona, 60121, Italy; Corradini E., Department of Information Engineering (DII), Polytechnic University of Marche, Via Brecce Bianche 12, Ancona, 60121, Italy; Marchetti M., Department of Information Engineering (DII), Polytechnic University of Marche, Via Brecce Bianche 12, Ancona, 60121, Italy; Sciarretta L., Department of Information Engineering (DII), Polytechnic University of Marche, Via Brecce Bianche 12, Ancona, 60121, Italy; Ursino D., Department of Information Engineering (DII), Polytechnic University of Marche, Via Brecce Bianche 12, Ancona, 60121, Italy; Virgili L., Department of Information Engineering (DII), Polytechnic University of Marche, Via Brecce Bianche 12, Ancona, 60121, Italy","Article","Final","All Open Access; Gold Open Access","Scopus","2-s2.0-85144595047"
"Chakraborty J.; Yaman B.; Virgili L.; Konar K.; Bansal S.K.","Chakraborty, Jaydeep (57194019631); Yaman, Beyza (37662529100); Virgili, Luca (57207455746); Konar, Krishanu (57221519135); Bansal, Srividya K. (15753908600)","57194019631; 37662529100; 57207455746; 57221519135; 15753908600","OntoConnect: Results for OAEI 2020","2020","CEUR Workshop Proceedings","2788","","","204","210","6","3","","https://www.scopus.com/inward/record.uri?eid=2-s2.0-85099395191&partnerID=40&md5=d07a593db1fbe9bfb58b0da911119e16","CIDSE, Arizona State University, Tempe, AZ, United States; ADAPT Centre, Dublin City University, Dublin, Ireland; Polytechnic University of Marche, Ancona, Italy; Media.net, Mumbai, India","Chakraborty J., CIDSE, Arizona State University, Tempe, AZ, United States; Yaman B., ADAPT Centre, Dublin City University, Dublin, Ireland; Virgili L., Polytechnic University of Marche, Ancona, Italy; Konar K., Media.net, Mumbai, India; Bansal S.K., CIDSE, Arizona State University, Tempe, AZ, United States","Conference paper","Final","","Scopus","2-s2.0-85099395191"
"Bonifazi G.; Cauteruccio F.; Corradini E.; Marchetti M.; Terracina G.; Ursino D.; Virgili L.","Bonifazi, Gianluca (57219209867); Cauteruccio, Francesco (55866619400); Corradini, Enrico (57215600247); Marchetti, Michele (57761373300); Terracina, Giorgio (7003682146); Ursino, Domenico (7004353802); Virgili, Luca (57207455746)","57219209867; 55866619400; 57215600247; 57761373300; 7003682146; 7004353802; 57207455746","Representation, detection and usage of the content semantics of comments in a social platform","2024","Journal of Information Science","50","2","","317","341","24","6","10.1177/01655515221087663","https://www.scopus.com/inward/record.uri?eid=2-s2.0-85132663716&doi=10.1177%2f01655515221087663&partnerID=40&md5=91f5b0364cb629711b97f11ebc51a964","DII, Polytechnic University of Marche, Italy; DEMACS, University of Calabria, Italy","Bonifazi G., DII, Polytechnic University of Marche, Italy; Cauteruccio F., DII, Polytechnic University of Marche, Italy; Corradini E., DII, Polytechnic University of Marche, Italy; Marchetti M., DII, Polytechnic University of Marche, Italy; Terracina G., DEMACS, University of Calabria, Italy; Ursino D., DII, Polytechnic University of Marche, Italy; Virgili L., DII, Polytechnic University of Marche, Italy","Article","Final","","Scopus","2-s2.0-85132663716"
"Bonifazi G.; Corradini E.; Ursino D.; Virgili L.","Bonifazi, Gianluca (57219209867); Corradini, Enrico (57215600247); Ursino, Domenico (7004353802); Virgili, Luca (57207455746)","57219209867; 57215600247; 7004353802; 57207455746","Modeling, Evaluating, and Applying the eWoM Power of Reddit Posts","2023","Big Data and Cognitive Computing","7","1","47","","","","9","10.3390/bdcc7010047","https://www.scopus.com/inward/record.uri?eid=2-s2.0-85151097039&doi=10.3390%2fbdcc7010047&partnerID=40&md5=e7b5bcd9b8facf73cd305592759d7c36","Department of Information Engineering (DII), Polytechnic University of Marche, Ancona, 60121, Italy","Bonifazi G., Department of Information Engineering (DII), Polytechnic University of Marche, Ancona, 60121, Italy; Corradini E., Department of Information Engineering (DII), Polytechnic University of Marche, Ancona, 60121, Italy; Ursino D., Department of Information Engineering (DII), Polytechnic University of Marche, Ancona, 60121, Italy; Virgili L., Department of Information Engineering (DII), Polytechnic University of Marche, Ancona, 60121, Italy","Article","Final","All Open Access; Gold Open Access","Scopus","2-s2.0-85151097039"
"Cauteruccio F.; Corradini E.; Terracina G.; Ursino D.; Virgili L.","Cauteruccio, Francesco (55866619400); Corradini, Enrico (57215600247); Terracina, Giorgio (7003682146); Ursino, Domenico (7004353802); Virgili, Luca (57207455746)","55866619400; 57215600247; 7003682146; 7004353802; 57207455746","Extraction and analysis of text patterns from NSFW adult content in Reddit","2022","Data and Knowledge Engineering","138","","101979","","","","12","10.1016/j.datak.2022.101979","https://www.scopus.com/inward/record.uri?eid=2-s2.0-85123009241&doi=10.1016%2fj.datak.2022.101979&partnerID=40&md5=1df40643a18e1e9c5686d58edba33b47","DEMACS, University of Calabria, Italy; DII, Polytechnic University of Marche, Italy","Cauteruccio F., DEMACS, University of Calabria, Italy; Corradini E., DII, Polytechnic University of Marche, Italy; Terracina G., DEMACS, University of Calabria, Italy; Ursino D., DII, Polytechnic University of Marche, Italy; Virgili L., DII, Polytechnic University of Marche, Italy","Article","Final","","Scopus","2-s2.0-85123009241"
"Bonifazi G.; Cauteruccio F.; Corradini E.; Marchetti M.; Ursino D.; Virgili L.","Bonifazi, Gianluca (57219209867); Cauteruccio, Francesco (55866619400); Corradini, Enrico (57215600247); Marchetti, Michele (57761373300); Ursino, Domenico (7004353802); Virgili, Luca (57207455746)","57219209867; 55866619400; 57215600247; 57761373300; 7004353802; 57207455746","An Ex-Post Analysis of the Phenomenon of Wash Trading on NFTs","2023","CEUR Workshop Proceedings","3478","","","605","613","8","0","","https://www.scopus.com/inward/record.uri?eid=2-s2.0-85173481819&partnerID=40&md5=790038dff6c6c011847f20e2e4b576db","DII, Polytechnic University of Marche, Italy","Bonifazi G., DII, Polytechnic University of Marche, Italy; Cauteruccio F., DII, Polytechnic University of Marche, Italy; Corradini E., DII, Polytechnic University of Marche, Italy; Marchetti M., DII, Polytechnic University of Marche, Italy; Ursino D., DII, Polytechnic University of Marche, Italy; Virgili L., DII, Polytechnic University of Marche, Italy","Conference paper","Final","","Scopus","2-s2.0-85173481819"
"Cauteruccio F.; Giudice P.L.; Musarella L.; Terracina G.; Ursino D.; Virgili L.","Cauteruccio, Francesco (55866619400); Giudice, Paolo Lo (57197810566); Musarella, Lorenzo (57203484474); Terracina, Giorgio (7003682146); Ursino, Domenico (7004353802); Virgili, Luca (57207455746)","55866619400; 57197810566; 57203484474; 7003682146; 7004353802; 57207455746","A Lightweight Approach to Extract Interschema Properties from Structured, Semi-Structured and Unstructured Sources in a Big Data Scenario","2020","International Journal of Information Technology and Decision Making","19","3","","849","889","40","7","10.1142/S0219622020500182","https://www.scopus.com/inward/record.uri?eid=2-s2.0-85090664919&doi=10.1142%2fS0219622020500182&partnerID=40&md5=3d0daef821fb50e79f9df80d35a8d47b","Dipartimento di Matematica e Informatica, Università della Calabria, Via Pietro Bucci, Arcavacata di Rende, CS, 87036, Italy; Dipartimento di Ingegneria Dell'Informazione Delle Infrastrutture e Dell'Energia Sostenibile, Università Mediterranea di Reggio Calabria, Via dell'Università, 25, Reggio Calabria CF, 89124, Italy; Dipartimento di Ingegneria Dell'Informazione, Università Politecnica Delle Marche, Via Brecce Bianche 12, Ancona, 60131, Italy","Cauteruccio F., Dipartimento di Matematica e Informatica, Università della Calabria, Via Pietro Bucci, Arcavacata di Rende, CS, 87036, Italy; Giudice P.L., Dipartimento di Ingegneria Dell'Informazione Delle Infrastrutture e Dell'Energia Sostenibile, Università Mediterranea di Reggio Calabria, Via dell'Università, 25, Reggio Calabria CF, 89124, Italy; Musarella L., Dipartimento di Ingegneria Dell'Informazione Delle Infrastrutture e Dell'Energia Sostenibile, Università Mediterranea di Reggio Calabria, Via dell'Università, 25, Reggio Calabria CF, 89124, Italy; Terracina G., Dipartimento di Matematica e Informatica, Università della Calabria, Via Pietro Bucci, Arcavacata di Rende, CS, 87036, Italy; Ursino D., Dipartimento di Ingegneria Dell'Informazione, Università Politecnica Delle Marche, Via Brecce Bianche 12, Ancona, 60131, Italy; Virgili L., Dipartimento di Ingegneria Dell'Informazione, Università Politecnica Delle Marche, Via Brecce Bianche 12, Ancona, 60131, Italy","Article","Final","","Scopus","2-s2.0-85090664919"
"Bonifazi G.; Cauteruccio F.; Corradini E.; Marchetti M.; Ursino D.; Virgili L.","Bonifazi, Gianluca (57219209867); Cauteruccio, Francesco (55866619400); Corradini, Enrico (57215600247); Marchetti, Michele (57761373300); Ursino, Domenico (7004353802); Virgili, Luca (57207455746)","57219209867; 55866619400; 57215600247; 57761373300; 7004353802; 57207455746","A network analysis-based framework to understand the representation dynamics of graph neural networks","2024","Neural Computing and Applications","36","4","","1875","1897","22","1","10.1007/s00521-023-09181-w","https://www.scopus.com/inward/record.uri?eid=2-s2.0-85176789318&doi=10.1007%2fs00521-023-09181-w&partnerID=40&md5=051d842d393b06b6d434f41904072a41","Department of Information Engineering (DII), Polytechnic University of Marche, Via Brecce Bianche, 12, Ancona, 60131, Italy","Bonifazi G., Department of Information Engineering (DII), Polytechnic University of Marche, Via Brecce Bianche, 12, Ancona, 60131, Italy; Cauteruccio F., Department of Information Engineering (DII), Polytechnic University of Marche, Via Brecce Bianche, 12, Ancona, 60131, Italy; Corradini E., Department of Information Engineering (DII), Polytechnic University of Marche, Via Brecce Bianche, 12, Ancona, 60131, Italy; Marchetti M., Department of Information Engineering (DII), Polytechnic University of Marche, Via Brecce Bianche, 12, Ancona, 60131, Italy; Ursino D., Department of Information Engineering (DII), Polytechnic University of Marche, Via Brecce Bianche, 12, Ancona, 60131, Italy; Virgili L., Department of Information Engineering (DII), Polytechnic University of Marche, Via Brecce Bianche, 12, Ancona, 60131, Italy","Article","Final","All Open Access; Hybrid Gold Open Access","Scopus","2-s2.0-85176789318"
"Ursino D.; Virgili L.","Ursino, D. (7004353802); Virgili, L. (57207455746)","7004353802; 57207455746","Humanizing IoT: Defining the Profile and the Reliability of a Thing in a Multi-IoT Scenario","2020","Studies in Computational Intelligence","846","","","51","76","25","18","10.1007/978-3-030-24513-9_4","https://www.scopus.com/inward/record.uri?eid=2-s2.0-85070236935&doi=10.1007%2f978-3-030-24513-9_4&partnerID=40&md5=d202808b7b090a866331196cc0d11dff","Polytechnic University of Marche, Ancona, Italy","Ursino D., Polytechnic University of Marche, Ancona, Italy; Virgili L., Polytechnic University of Marche, Ancona, Italy","Book chapter","Final","","Scopus","2-s2.0-85070236935"
"Lo Giudice P.; Nocera A.; Ursino D.; Virgili L.","Lo Giudice, Paolo (57200591793); Nocera, Antonino (59310100800); Ursino, Domenico (7004353802); Virgili, Luca (57207455746)","57200591793; 59310100800; 7004353802; 57207455746","Building topic-driven virtual iots in a multiple iots scenario","2019","Sensors (Switzerland)","19","13","2956","","","","11","10.3390/s19132956","https://www.scopus.com/inward/record.uri?eid=2-s2.0-85069267586&doi=10.3390%2fs19132956&partnerID=40&md5=6841f48f5dc32085553f25fb0968227a","Deloitte, Via Tortona, 25, Milano, 20144, MI, Italy; DIIES, University “Mediterranea” of Reggio Calabria, Reggio Calabria, 80122, Italy; DIII, University of Pavia, Pavia, 27100, Italy; DII, Polytechnic University of Marche, Ancona, 60131, Italy","Lo Giudice P., Deloitte, Via Tortona, 25, Milano, 20144, MI, Italy, DIIES, University “Mediterranea” of Reggio Calabria, Reggio Calabria, 80122, Italy; Nocera A., DIII, University of Pavia, Pavia, 27100, Italy; Ursino D., DII, Polytechnic University of Marche, Ancona, 60131, Italy; Virgili L., DII, Polytechnic University of Marche, Ancona, 60131, Italy","Article","Final","All Open Access; Gold Open Access; Green Open Access","Scopus","2-s2.0-85069267586"
"Cauteruccio F.; Cinelli L.; Terracina G.; Ursino D.; Virgili L.","Cauteruccio, Francesco (55866619400); Cinelli, Luca (57210117479); Terracina, Giorgio (7003682146); Ursino, Domenico (7004353802); Virgili, Luca (57207455746)","55866619400; 57210117479; 7003682146; 7004353802; 57207455746","Investigating the scope of a thing in a multiple internet of things scenario","2019","CEUR Workshop Proceedings","2400","","","","","","2","","https://www.scopus.com/inward/record.uri?eid=2-s2.0-85069506224&partnerID=40&md5=7c6eb79435f855c2efcae525802e1d95","DEMACS, University of Calabria, Italy; DII, Polytechnic University of Marche, Italy","Cauteruccio F., DEMACS, University of Calabria, Italy; Cinelli L., DEMACS, University of Calabria, Italy; Terracina G., DEMACS, University of Calabria, Italy; Ursino D., DII, Polytechnic University of Marche, Italy; Virgili L., DII, Polytechnic University of Marche, Italy","Conference paper","Final","","Scopus","2-s2.0-85069506224"
"Corradini E.; Nicolazzo S.; Nocera A.; Ursino D.; Virgili L.","Corradini, Enrico (57215600247); Nicolazzo, Serena (55909074400); Nocera, Antonino (59310100800); Ursino, Domenico (7004353802); Virgili, Luca (57207455746)","57215600247; 55909074400; 59310100800; 7004353802; 57207455746","A two-tier Blockchain framework to increase protection and autonomy of smart objects in the IoT","2022","Computer Communications","181","","","338","356","18","28","10.1016/j.comcom.2021.10.028","https://www.scopus.com/inward/record.uri?eid=2-s2.0-85118562923&doi=10.1016%2fj.comcom.2021.10.028&partnerID=40&md5=536ea71e3a79a3920da3d05fefc36285","Department of Information Engineering, Polytechnic University of Marche, Italy; Department of Electrical, Computer and Biomedical Engineering, University of Pavia, Italy; Daisy Lab, Polytechnic University of Marche, Italy","Corradini E., Department of Information Engineering, Polytechnic University of Marche, Italy; Nicolazzo S., Daisy Lab, Polytechnic University of Marche, Italy; Nocera A., Department of Electrical, Computer and Biomedical Engineering, University of Pavia, Italy; Ursino D., Department of Information Engineering, Polytechnic University of Marche, Italy; Virgili L., Department of Information Engineering, Polytechnic University of Marche, Italy","Article","Final","All Open Access; Green Open Access","Scopus","2-s2.0-85118562923"
"Cauteruccio F.; Marchetti M.; Traini D.; Ursino D.; Virgili L.","Cauteruccio, Francesco (55866619400); Marchetti, Michele (57761373300); Traini, Davide (59298519600); Ursino, Domenico (7004353802); Virgili, Luca (57207455746)","55866619400; 57761373300; 59298519600; 7004353802; 57207455746","Speeding up Vision Transformers Through Reinforcement Learning","2024","CEUR Workshop Proceedings","3741","","","174","184","10","0","","https://www.scopus.com/inward/record.uri?eid=2-s2.0-85202031252&partnerID=40&md5=a44d8bf9702d707a34081a5667e8b26f","DIEM, University of Salerno, Italy; DII, Polytechnic University of Marche, Italy; CHIMOMO, University of Modena and Reggio Emilia, Italy","Cauteruccio F., DIEM, University of Salerno, Italy; Marchetti M., DII, Polytechnic University of Marche, Italy; Traini D., DII, Polytechnic University of Marche, Italy, CHIMOMO, University of Modena and Reggio Emilia, Italy; Ursino D., DII, Polytechnic University of Marche, Italy; Virgili L., DII, Polytechnic University of Marche, Italy","Conference paper","Final","","Scopus","2-s2.0-85202031252"
"Giudice P.L.; Ursino D.; Virgili L.","Giudice, Paolo Lo (57197810566); Ursino, Domenico (7004353802); Virgili, Luca (57207455746)","57197810566; 7004353802; 57207455746","A 'big data oriented' and 'complex network based' model supporting the uniform investigation of heterogeneous personalized medicine data","2019","Proceedings - 2018 IEEE International Conference on Bioinformatics and Biomedicine, BIBM 2018","","","8621077","2094","2101","7","2","10.1109/BIBM.2018.8621077","https://www.scopus.com/inward/record.uri?eid=2-s2.0-85062503276&doi=10.1109%2fBIBM.2018.8621077&partnerID=40&md5=85df91a13cfbfd6e9bb47560fbdf9b3a","DIIES, University 'Mediterranea' of Reggio Calabria, Reggio Calabria, Italy; DII, Polytechnic University of Marche, Ancona, Italy","Giudice P.L., DIIES, University 'Mediterranea' of Reggio Calabria, Reggio Calabria, Italy; Ursino D., DII, Polytechnic University of Marche, Ancona, Italy; Virgili L., DII, Polytechnic University of Marche, Ancona, Italy","Conference paper","Final","","Scopus","2-s2.0-85062503276"
"Cauteruccio F.; Corradini E.; Terracina G.; Ursino D.; Virgili L.","Cauteruccio, Francesco (55866619400); Corradini, Enrico (57215600247); Terracina, Giorgio (7003682146); Ursino, Domenico (7004353802); Virgili, Luca (57207455746)","55866619400; 57215600247; 7003682146; 7004353802; 57207455746","Investigating Reddit to detect subreddit and author stereotypes and to evaluate author assortativity","2022","Journal of Information Science","48","6","","783","810","27","19","10.1177/0165551520979869","https://www.scopus.com/inward/record.uri?eid=2-s2.0-85097952250&doi=10.1177%2f0165551520979869&partnerID=40&md5=4f293aba460a22248f5a06f26d2c8cab","DEMACS, University of Calabria, Italy; DII, Polytechnic University of Marche, Italy","Cauteruccio F., DEMACS, University of Calabria, Italy; Corradini E., DII, Polytechnic University of Marche, Italy; Terracina G., DEMACS, University of Calabria, Italy; Ursino D., DII, Polytechnic University of Marche, Italy; Virgili L., DII, Polytechnic University of Marche, Italy","Article","Final","All Open Access; Green Open Access","Scopus","2-s2.0-85097952250"
"Bonifazi G.; Breve B.; Cirillo S.; Corradini E.; Virgili L.","Bonifazi, Gianluca (57219209867); Breve, Bernardo (57211018909); Cirillo, Stefano (57205474260); Corradini, Enrico (57215600247); Virgili, Luca (57207455746)","57219209867; 57211018909; 57205474260; 57215600247; 57207455746","Investigating the COVID-19 vaccine discussions on Twitter through a multilayer network-based approach","2022","Information Processing and Management","59","6","103095","","","","35","10.1016/j.ipm.2022.103095","https://www.scopus.com/inward/record.uri?eid=2-s2.0-85138071797&doi=10.1016%2fj.ipm.2022.103095&partnerID=40&md5=19a432320257ba393a709d158c80c9e0","DII, Polytechnic University of Marche, Italy; DI, University of Salerno, Via Giovanni Paolo II 132, (SA), Fisciano, 84084, Italy","Bonifazi G., DII, Polytechnic University of Marche, Italy; Breve B., DI, University of Salerno, Via Giovanni Paolo II 132, (SA), Fisciano, 84084, Italy; Cirillo S., DI, University of Salerno, Via Giovanni Paolo II 132, (SA), Fisciano, 84084, Italy; Corradini E., DII, Polytechnic University of Marche, Italy; Virgili L., DII, Polytechnic University of Marche, Italy","Article","Final","All Open Access; Green Open Access","Scopus","2-s2.0-85138071797"
"Lo Giudice P.; Mammone N.; Morabito F.C.; Pizzimenti R.G.; Ursino D.; Virgili L.","Lo Giudice, Paolo (57200591793); Mammone, Nadia (55915193500); Morabito, Francesco Carlo (7103166505); Pizzimenti, Rocco Giuseppe (57210158162); Ursino, Domenico (7004353802); Virgili, Luca (57207455746)","57200591793; 55915193500; 7103166505; 57210158162; 7004353802; 57207455746","Leveraging network analysis to support experts in their analyses of subjects with MCI and AD","2019","Medical and Biological Engineering and Computing","57","9","","1961","1983","22","7","10.1007/s11517-019-02004-y","https://www.scopus.com/inward/record.uri?eid=2-s2.0-85069683150&doi=10.1007%2fs11517-019-02004-y&partnerID=40&md5=d56aa9ed6a7f3213ff79afaee8459ffa","DIIES, University Mediterranea of Reggio Calabria, Reggio Calabria, Italy; IRCCS Centro Neurolesi Bonino Pulejo, Messina, Italy; DICEAM, University Mediterranea of Reggio Calabria, Reggio Calabria, Italy; Deloitte TTL, London, United Kingdom; DII, Polytechnic University of Marche, Ancona, Italy","Lo Giudice P., DIIES, University Mediterranea of Reggio Calabria, Reggio Calabria, Italy; Mammone N., IRCCS Centro Neurolesi Bonino Pulejo, Messina, Italy; Morabito F.C., DICEAM, University Mediterranea of Reggio Calabria, Reggio Calabria, Italy; Pizzimenti R.G., Deloitte TTL, London, United Kingdom; Ursino D., DII, Polytechnic University of Marche, Ancona, Italy; Virgili L., DII, Polytechnic University of Marche, Ancona, Italy","Article","Final","","Scopus","2-s2.0-85069683150"
"Bonifazi G.; Cauteruccio F.; Corradini E.; Marchetti M.; Terracina G.; Ursino D.; Virgili L.","Bonifazi, Gianluca (57219209867); Cauteruccio, Francesco (55866619400); Corradini, Enrico (57215600247); Marchetti, Michele (57761373300); Terracina, Giorgio (7003682146); Ursino, Domenico (7004353802); Virgili, Luca (57207455746)","57219209867; 55866619400; 57215600247; 57761373300; 7003682146; 7004353802; 57207455746","A model-agnostic, network theory-based framework for supporting XAI on classifiers","2024","Expert Systems with Applications","241","","122588","","","","8","10.1016/j.eswa.2023.122588","https://www.scopus.com/inward/record.uri?eid=2-s2.0-85178010767&doi=10.1016%2fj.eswa.2023.122588&partnerID=40&md5=10779c49500e049ddd9cf935e35fa6d9","DII, Polytechnic University of Marche, Italy; DEMACS, University of Calabria, Italy","Bonifazi G., DII, Polytechnic University of Marche, Italy; Cauteruccio F., DII, Polytechnic University of Marche, Italy; Corradini E., DII, Polytechnic University of Marche, Italy; Marchetti M., DII, Polytechnic University of Marche, Italy; Terracina G., DEMACS, University of Calabria, Italy; Ursino D., DII, Polytechnic University of Marche, Italy; Virgili L., DII, Polytechnic University of Marche, Italy","Article","Final","All Open Access; Hybrid Gold Open Access","Scopus","2-s2.0-85178010767"
"Bonifazi G.; Cauteruccio F.; Corradini E.; Marchetti M.; Ursino D.; Virgili L.","Bonifazi, Gianluca (57219209867); Cauteruccio, Francesco (55866619400); Corradini, Enrico (57215600247); Marchetti, Michele (57761373300); Ursino, Domenico (7004353802); Virgili, Luca (57207455746)","57219209867; 55866619400; 57215600247; 57761373300; 7004353802; 57207455746","A multilayer network-based framework for handling and comparing user histories in X","2024","Journal of Information Science","","","","","","","0","10.1177/01655515241281313","https://www.scopus.com/inward/record.uri?eid=2-s2.0-85209373326&doi=10.1177%2f01655515241281313&partnerID=40&md5=cb31c7af4ce089eb7e5b7545604294b1","Department of Information Engineering (DII), Polytechnic University of Marche, Italy; Department of Information and Electrical Engineering and Applied Mathematics (DIEM), University of Salerno, Italy","Bonifazi G., Department of Information Engineering (DII), Polytechnic University of Marche, Italy; Cauteruccio F., Department of Information and Electrical Engineering and Applied Mathematics (DIEM), University of Salerno, Italy; Corradini E., Department of Information Engineering (DII), Polytechnic University of Marche, Italy; Marchetti M., Department of Information Engineering (DII), Polytechnic University of Marche, Italy; Ursino D., Department of Information Engineering (DII), Polytechnic University of Marche, Italy; Virgili L., Department of Information Engineering (DII), Polytechnic University of Marche, Italy","Article","Article in press","","Scopus","2-s2.0-85209373326"
"Bonifazi G.; Cauteruccio F.; Corradini E.; Marchetti M.; Ursino D.; Virgili L.","Bonifazi, Gianluca (57219209867); Cauteruccio, Francesco (55866619400); Corradini, Enrico (57215600247); Marchetti, Michele (57761373300); Ursino, Domenico (7004353802); Virgili, Luca (57207455746)","57219209867; 55866619400; 57215600247; 57761373300; 7004353802; 57207455746","Applying Social Network Analysis to Model and Handle a Cross-Blockchain Ecosystem","2023","Electronics (Switzerland)","12","5","1086","","","","4","10.3390/electronics12051086","https://www.scopus.com/inward/record.uri?eid=2-s2.0-85149936628&doi=10.3390%2felectronics12051086&partnerID=40&md5=bba25be37f088cca792a46dae494a9c1","Department of Information Engineering, Polytechnic University of Marche, Ancona, 60121, Italy","Bonifazi G., Department of Information Engineering, Polytechnic University of Marche, Ancona, 60121, Italy; Cauteruccio F., Department of Information Engineering, Polytechnic University of Marche, Ancona, 60121, Italy; Corradini E., Department of Information Engineering, Polytechnic University of Marche, Ancona, 60121, Italy; Marchetti M., Department of Information Engineering, Polytechnic University of Marche, Ancona, 60121, Italy; Ursino D., Department of Information Engineering, Polytechnic University of Marche, Ancona, 60121, Italy; Virgili L., Department of Information Engineering, Polytechnic University of Marche, Ancona, 60121, Italy","Article","Final","All Open Access; Gold Open Access","Scopus","2-s2.0-85149936628"
"Arazzi M.; Cotogni M.; Nocera A.; Virgili L.","Arazzi, Marco (58167029600); Cotogni, Marco (57226383689); Nocera, Antonino (59310100800); Virgili, Luca (57207455746)","58167029600; 57226383689; 59310100800; 57207455746","Predicting Tweet Engagement with Graph Neural Networks","2023","ICMR 2023 - Proceedings of the 2023 ACM International Conference on Multimedia Retrieval","","","","172","180","8","5","10.1145/3591106.3592294","https://www.scopus.com/inward/record.uri?eid=2-s2.0-85163640476&doi=10.1145%2f3591106.3592294&partnerID=40&md5=91c00e1e94005c90512a91b4ecf22234","University of Pavia, Department of Electrical, Computer and Biomedical Engineering, Pavia, Italy; Polytechnic University of Marche, Dii, Ancona, Italy","Arazzi M., University of Pavia, Department of Electrical, Computer and Biomedical Engineering, Pavia, Italy; Cotogni M., University of Pavia, Department of Electrical, Computer and Biomedical Engineering, Pavia, Italy; Nocera A., University of Pavia, Department of Electrical, Computer and Biomedical Engineering, Pavia, Italy; Virgili L., Polytechnic University of Marche, Dii, Ancona, Italy","Conference paper","Final","All Open Access; Green Open Access","Scopus","2-s2.0-85163640476"
"Bonifazi G.; Cauteruccio F.; Corradini E.; Marchetti M.; Terracina G.; Ursino D.; Virgili L.","Bonifazi, Gianluca (57219209867); Cauteruccio, Francesco (55866619400); Corradini, Enrico (57215600247); Marchetti, Michele (57761373300); Terracina, Giorgio (7003682146); Ursino, Domenico (7004353802); Virgili, Luca (57207455746)","57219209867; 55866619400; 57215600247; 57761373300; 7003682146; 7004353802; 57207455746","A Network-based Model and a Related Approach to Represent and Handle the Semantics of Comments in a Social Network","2022","CEUR Workshop Proceedings","3194","","","183","190","7","0","","https://www.scopus.com/inward/record.uri?eid=2-s2.0-85137445710&partnerID=40&md5=afc9728fd93750a3956a8e73c93f8ff0","DII, Polytechnic University of Marche, Italy; DEMACS, University of Calabria, Italy","Bonifazi G., DII, Polytechnic University of Marche, Italy; Cauteruccio F., DII, Polytechnic University of Marche, Italy; Corradini E., DII, Polytechnic University of Marche, Italy; Marchetti M., DII, Polytechnic University of Marche, Italy; Terracina G., DEMACS, University of Calabria, Italy; Ursino D., DII, Polytechnic University of Marche, Italy; Virgili L., DII, Polytechnic University of Marche, Italy","Conference paper","Final","","Scopus","2-s2.0-85137445710"
"Cauteruccio F.; Cinelli L.; Fortino G.; Savaglio C.; Terracina G.; Ursino D.; Virgili L.","Cauteruccio, Francesco (55866619400); Cinelli, Luca (57210117479); Fortino, Giancarlo (6602895297); Savaglio, Claudio (56028706000); Terracina, Giorgio (7003682146); Ursino, Domenico (7004353802); Virgili, Luca (57207455746)","55866619400; 57210117479; 6602895297; 56028706000; 7003682146; 7004353802; 57207455746","An approach to compute the scope of a social object in a Multi-IoT scenario","2020","Pervasive and Mobile Computing","67","","101223","","","","30","10.1016/j.pmcj.2020.101223","https://www.scopus.com/inward/record.uri?eid=2-s2.0-85088917483&doi=10.1016%2fj.pmcj.2020.101223&partnerID=40&md5=e69159614c0e58e6d2b66f13c7c05099","DEMACS, University of Calabria, Italy; DIMES, University of Calabria, Italy; DII, Polytechnic University of Marche, Italy","Cauteruccio F., DEMACS, University of Calabria, Italy; Cinelli L., DEMACS, University of Calabria, Italy; Fortino G., DIMES, University of Calabria, Italy; Savaglio C., DIMES, University of Calabria, Italy; Terracina G., DEMACS, University of Calabria, Italy; Ursino D., DII, Polytechnic University of Marche, Italy; Virgili L., DII, Polytechnic University of Marche, Italy","Article","Final","All Open Access; Green Open Access","Scopus","2-s2.0-85088917483"
"Amelio A.; Bonifazi G.; Corradini E.; Marchetti M.; Ursino D.; Virgili L.","Amelio, Alessia (37120005500); Bonifazi, Gianluca (57219209867); Corradini, Enrico (57215600247); Marchetti, Michele (57761373300); Ursino, Domenico (7004353802); Virgili, Luca (57207455746)","37120005500; 57219209867; 57215600247; 57761373300; 7004353802; 57207455746","Mapping and Compressing a Convolutional Neural Network through a Multilayer Network","2022","CEUR Workshop Proceedings","3194","","","325","332","7","0","","https://www.scopus.com/inward/record.uri?eid=2-s2.0-85137488202&partnerID=40&md5=39fba9fd231f50e18d231820a53c0805","INGEO, University ""g. d'Annunzio"" of Chieti-Pescara, Italy; DII, Polytechnic University of Marche, Italy","Amelio A., INGEO, University ""g. d'Annunzio"" of Chieti-Pescara, Italy; Bonifazi G., DII, Polytechnic University of Marche, Italy; Corradini E., DII, Polytechnic University of Marche, Italy; Marchetti M., DII, Polytechnic University of Marche, Italy; Ursino D., DII, Polytechnic University of Marche, Italy; Virgili L., DII, Polytechnic University of Marche, Italy","Conference paper","Final","","Scopus","2-s2.0-85137488202"
"Anceschi E.; Bonifazi G.; De Donato M.C.; Corradini E.; Ursino D.; Virgili L.","Anceschi, Emiliano (56786490800); Bonifazi, Gianluca (57219209867); De Donato, Massimo Callisto (56785840400); Corradini, Enrico (57215600247); Ursino, Domenico (7004353802); Virgili, Luca (57207455746)","56786490800; 57219209867; 56785840400; 57215600247; 7004353802; 57207455746","Savemenow.ai: A machine learning based wearable device for fall detection in a workplace","2021","Studies in Computational Intelligence","911","","","493","514","21","17","10.1007/978-3-030-52067-0_22","https://www.scopus.com/inward/record.uri?eid=2-s2.0-85091699371&doi=10.1007%2f978-3-030-52067-0_22&partnerID=40&md5=a9fcafdf3c60fd8351f8e6e84f0af285","Filippetti S.p.A., Falconara Marittima, AN, Italy; DII, Polytechnic University of Marche, Ancona, Italy","Anceschi E., Filippetti S.p.A., Falconara Marittima, AN, Italy; Bonifazi G., DII, Polytechnic University of Marche, Ancona, Italy; De Donato M.C., Filippetti S.p.A., Falconara Marittima, AN, Italy; Corradini E., DII, Polytechnic University of Marche, Ancona, Italy; Ursino D., DII, Polytechnic University of Marche, Ancona, Italy; Virgili L., DII, Polytechnic University of Marche, Ancona, Italy","Book chapter","Final","","Scopus","2-s2.0-85091699371"
"Cauteruccio F.; Cinelli L.; Corradini E.; Terracina G.; Ursino D.; Virgili L.; Savaglio C.; Liotta A.; Fortino G.","Cauteruccio, Francesco (55866619400); Cinelli, Luca (57210117479); Corradini, Enrico (57215600247); Terracina, Giorgio (7003682146); Ursino, Domenico (7004353802); Virgili, Luca (57207455746); Savaglio, Claudio (56028706000); Liotta, Antonio (13408852200); Fortino, Giancarlo (6602895297)","55866619400; 57210117479; 57215600247; 7003682146; 7004353802; 57207455746; 56028706000; 13408852200; 6602895297","A framework for anomaly detection and classification in Multiple IoT scenarios","2021","Future Generation Computer Systems","114","","","322","335","13","88","10.1016/j.future.2020.08.010","https://www.scopus.com/inward/record.uri?eid=2-s2.0-85089506137&doi=10.1016%2fj.future.2020.08.010&partnerID=40&md5=3bb5b067f68fdcecffcdfd458f8fc6a0","DEMACS, University of Calabria, Italy; DII, Polytechnic University of Marche, Italy; DIMES, University of Calabria, Italy; Faculty of Computer Science, Free University of Bozen-Bolzano, Italy","Cauteruccio F., DEMACS, University of Calabria, Italy; Cinelli L., DEMACS, University of Calabria, Italy; Corradini E., DII, Polytechnic University of Marche, Italy; Terracina G., DEMACS, University of Calabria, Italy; Ursino D., DII, Polytechnic University of Marche, Italy; Virgili L., DII, Polytechnic University of Marche, Italy; Savaglio C., DIMES, University of Calabria, Italy; Liotta A., Faculty of Computer Science, Free University of Bozen-Bolzano, Italy; Fortino G., DIMES, University of Calabria, Italy","Article","Final","All Open Access; Green Open Access","Scopus","2-s2.0-85089506137"
"Cauteruccio F.; Corradini E.; Terracina G.; Ursino D.; Virgili L.","Cauteruccio, Francesco (55866619400); Corradini, Enrico (57215600247); Terracina, Giorgio (7003682146); Ursino, Domenico (7004353802); Virgili, Luca (57207455746)","55866619400; 57215600247; 7003682146; 7004353802; 57207455746","An investigation on not safe for work adult content in Reddit","2021","CEUR Workshop Proceedings","2994","","","","","","0","","https://www.scopus.com/inward/record.uri?eid=2-s2.0-85118782054&partnerID=40&md5=7a439ab14c73a2949b2ca71bd0e47c52","DEMACS, University of Calabria, Italy; DII, Polytechnic University of Marche, Italy","Cauteruccio F., DEMACS, University of Calabria, Italy; Corradini E., DII, Polytechnic University of Marche, Italy; Terracina G., DEMACS, University of Calabria, Italy; Ursino D., DII, Polytechnic University of Marche, Italy; Virgili L., DII, Polytechnic University of Marche, Italy","Conference paper","Final","","Scopus","2-s2.0-85118782054"
"Corradini E.; Nocera A.; Ursino D.; Virgili L.","Corradini, Enrico (57215600247); Nocera, Antonino (59310100800); Ursino, Domenico (7004353802); Virgili, Luca (57207455746)","57215600247; 59310100800; 7004353802; 57207455746","Investigating negative reviews and detecting negative influencers in Yelp through a multi-dimensional social network based model","2021","International Journal of Information Management","60","","102377","","","","21","10.1016/j.ijinfomgt.2021.102377","https://www.scopus.com/inward/record.uri?eid=2-s2.0-85107663450&doi=10.1016%2fj.ijinfomgt.2021.102377&partnerID=40&md5=cbb06634602cf888f97f93c53fc2a2d6","DII, Polytechnic University of Marche, Italy; DIII, University of Pavia, Italy","Corradini E., DII, Polytechnic University of Marche, Italy; Nocera A., DIII, University of Pavia, Italy; Ursino D., DII, Polytechnic University of Marche, Italy; Virgili L., DII, Polytechnic University of Marche, Italy","Article","Final","","Scopus","2-s2.0-85107663450"
"Corradini E.; Nocera A.; Ursino D.; Virgili L.","Corradini, Enrico (57215600247); Nocera, Antonino (59310100800); Ursino, Domenico (7004353802); Virgili, Luca (57207455746)","57215600247; 59310100800; 7004353802; 57207455746","Defining and detecting k-bridges in a social network: The Yelp case, and more","2020","Knowledge-Based Systems","195","","105721","","","","15","10.1016/j.knosys.2020.105721","https://www.scopus.com/inward/record.uri?eid=2-s2.0-85081401969&doi=10.1016%2fj.knosys.2020.105721&partnerID=40&md5=abc1a8cac379c0d256fa7cf8fcc2fcb4","DII, Polytechnic University of Marche, Italy; DIII, University of Pavia, Italy","Corradini E., DII, Polytechnic University of Marche, Italy; Nocera A., DIII, University of Pavia, Italy; Ursino D., DII, Polytechnic University of Marche, Italy; Virgili L., DII, Polytechnic University of Marche, Italy","Article","Final","All Open Access; Green Open Access","Scopus","2-s2.0-85081401969"
"Bonifazi G.; Cauteruccio F.; Corradini E.; Marchetti M.; Montella D.; Scarponi S.; Ursino D.; Virgili L.","Bonifazi, Gianluca (57219209867); Cauteruccio, Francesco (55866619400); Corradini, Enrico (57215600247); Marchetti, Michele (57761373300); Montella, Daniele (58578139100); Scarponi, Simone (58161586800); Ursino, Domenico (7004353802); Virgili, Luca (57207455746)","57219209867; 55866619400; 57215600247; 57761373300; 58578139100; 58161586800; 7004353802; 57207455746","Performing Wash Trading on NFTs: Is the Game Worth the Candle?","2023","Big Data and Cognitive Computing","7","1","38","","","","11","10.3390/bdcc7010038","https://www.scopus.com/inward/record.uri?eid=2-s2.0-85151096925&doi=10.3390%2fbdcc7010038&partnerID=40&md5=de95dff422ce47f7eb14b8c33b365534","Department of Information Engineering (DII), Polytechnic University of Marche, Ancona, 60121, Italy; Iconsulting, Casalecchio di Reno, 40033, Italy","Bonifazi G., Department of Information Engineering (DII), Polytechnic University of Marche, Ancona, 60121, Italy; Cauteruccio F., Department of Information Engineering (DII), Polytechnic University of Marche, Ancona, 60121, Italy; Corradini E., Department of Information Engineering (DII), Polytechnic University of Marche, Ancona, 60121, Italy; Marchetti M., Department of Information Engineering (DII), Polytechnic University of Marche, Ancona, 60121, Italy; Montella D., Iconsulting, Casalecchio di Reno, 40033, Italy; Scarponi S., Iconsulting, Casalecchio di Reno, 40033, Italy; Ursino D., Department of Information Engineering (DII), Polytechnic University of Marche, Ancona, 60121, Italy; Virgili L., Department of Information Engineering (DII), Polytechnic University of Marche, Ancona, 60121, Italy","Article","Final","All Open Access; Gold Open Access","Scopus","2-s2.0-85151096925"
"Cirillo S.; Solimando G.; Virgili L.","Cirillo, Stefano (57205474260); Solimando, Giandomenico (57218364341); Virgili, Luca (57207455746)","57205474260; 57218364341; 57207455746","A deep learning approach to classify country and value of modern coins","2024","Neural Computing and Applications","36","20","","11759","11775","16","0","10.1007/s00521-023-09355-6","https://www.scopus.com/inward/record.uri?eid=2-s2.0-85180236340&doi=10.1007%2fs00521-023-09355-6&partnerID=40&md5=bc33ead04a21c77ec733c3b63b63a894","Department of Computer Science, University of Salerno, Fisciano, Italy; Department of Information Engineering, Polytechnic University of Marche, Ancona, Italy","Cirillo S., Department of Computer Science, University of Salerno, Fisciano, Italy; Solimando G., Department of Computer Science, University of Salerno, Fisciano, Italy; Virgili L., Department of Information Engineering, Polytechnic University of Marche, Ancona, Italy","Article","Final","","Scopus","2-s2.0-85180236340"
"Bonifazi G.; Cecchini S.; Corradini E.; Giuliani L.; Ursino D.; Virgili L.","Bonifazi, Gianluca (57219209867); Cecchini, Silvia (57745949900); Corradini, Enrico (57215600247); Giuliani, Lorenzo (57745754100); Ursino, Domenico (7004353802); Virgili, Luca (57207455746)","57219209867; 57745949900; 57215600247; 57745754100; 7004353802; 57207455746","Extracting time patterns from the lifespans of TikTok challenges to characterize non-dangerous and dangerous ones","2022","Social Network Analysis and Mining","12","1","62","","","","8","10.1007/s13278-022-00893-w","https://www.scopus.com/inward/record.uri?eid=2-s2.0-85132104608&doi=10.1007%2fs13278-022-00893-w&partnerID=40&md5=be1f0f90d2d5680317ec17073bd8192c","DII, Polytechnic University of Marche, Via Brecce Bianche 12, Ancona, 60131, Italy","Bonifazi G., DII, Polytechnic University of Marche, Via Brecce Bianche 12, Ancona, 60131, Italy; Cecchini S., DII, Polytechnic University of Marche, Via Brecce Bianche 12, Ancona, 60131, Italy; Corradini E., DII, Polytechnic University of Marche, Via Brecce Bianche 12, Ancona, 60131, Italy; Giuliani L., DII, Polytechnic University of Marche, Via Brecce Bianche 12, Ancona, 60131, Italy; Ursino D., DII, Polytechnic University of Marche, Via Brecce Bianche 12, Ancona, 60131, Italy; Virgili L., DII, Polytechnic University of Marche, Via Brecce Bianche 12, Ancona, 60131, Italy","Article","Final","All Open Access; Hybrid Gold Open Access","Scopus","2-s2.0-85132104608"
"Amelio A.; Bonifazi G.; Cauteruccio F.; Corradini E.; Marchetti M.; Ursino D.; Virgili L.","Amelio, Alessia (37120005500); Bonifazi, Gianluca (57219209867); Cauteruccio, Francesco (55866619400); Corradini, Enrico (57215600247); Marchetti, Michele (57761373300); Ursino, Domenico (7004353802); Virgili, Luca (57207455746)","37120005500; 57219209867; 55866619400; 57215600247; 57761373300; 7004353802; 57207455746","DLE4FC: a Deep Learning Ensemble to Identify Fabric Colors","2023","CEUR Workshop Proceedings","3478","","","13","21","8","0","","https://www.scopus.com/inward/record.uri?eid=2-s2.0-85173459877&partnerID=40&md5=d285b6f53f9e76e1689020b65a8352fb","INGEO, University “G. D'Annunzio” of Chieti-Pescara, Italy; DII, Polytechnic University of Marche, Italy","Amelio A., INGEO, University “G. D'Annunzio” of Chieti-Pescara, Italy; Bonifazi G., DII, Polytechnic University of Marche, Italy; Cauteruccio F., DII, Polytechnic University of Marche, Italy; Corradini E., DII, Polytechnic University of Marche, Italy; Marchetti M., DII, Polytechnic University of Marche, Italy; Ursino D., DII, Polytechnic University of Marche, Italy; Virgili L., DII, Polytechnic University of Marche, Italy","Conference paper","Final","","Scopus","2-s2.0-85173459877"
"Bonifazi G.; Cecchini S.; Corradini E.; Giuliani L.; Ursino D.; Virgili L.","Bonifazi, Gianluca (57219209867); Cecchini, Silvia (57745949900); Corradini, Enrico (57215600247); Giuliani, Lorenzo (57745754100); Ursino, Domenico (7004353802); Virgili, Luca (57207455746)","57219209867; 57745949900; 57215600247; 57745754100; 7004353802; 57207455746","Correction to: Extracting time patterns from the lifespans of TikTok challenges to characterize non‑dangerous and dangerous ones (Social Network Analysis and Mining, (2022), 12, 1, (62), 10.1007/s13278-022-00893-w)","2022","Social Network Analysis and Mining","12","1","142","","","","0","10.1007/s13278-022-00965-x","https://www.scopus.com/inward/record.uri?eid=2-s2.0-85139260517&doi=10.1007%2fs13278-022-00965-x&partnerID=40&md5=edfe5c4e4dfa6f2a3823c3af9ec2876f","DII, Polytechnic University of Marche, Via Brecce Bianche 12, Ancona, 60131, Italy","Bonifazi G., DII, Polytechnic University of Marche, Via Brecce Bianche 12, Ancona, 60131, Italy; Cecchini S., DII, Polytechnic University of Marche, Via Brecce Bianche 12, Ancona, 60131, Italy; Corradini E., DII, Polytechnic University of Marche, Via Brecce Bianche 12, Ancona, 60131, Italy; Giuliani L., DII, Polytechnic University of Marche, Via Brecce Bianche 12, Ancona, 60131, Italy; Ursino D., DII, Polytechnic University of Marche, Via Brecce Bianche 12, Ancona, 60131, Italy; Virgili L., DII, Polytechnic University of Marche, Via Brecce Bianche 12, Ancona, 60131, Italy","Erratum","Final","All Open Access; Hybrid Gold Open Access","Scopus","2-s2.0-85139260517"
"Cauteruccio F.; Terracina G.; Ursino D.; Virgili L.","Cauteruccio, Francesco (55866619400); Terracina, Giorgio (7003682146); Ursino, Domenico (7004353802); Virgili, Luca (57207455746)","55866619400; 7003682146; 7004353802; 57207455746","Redefining betweenness centrality in a multiple IoT scenario","2019","CEUR Workshop Proceedings","2502","","","","","","1","","https://www.scopus.com/inward/record.uri?eid=2-s2.0-85075929532&partnerID=40&md5=5d248058b184acc8b9d9306a76f78107","DEMACS, University of Calabria, Cosenza, Italy; DII, Polytechnic University of Marche, Ancona, Italy","Cauteruccio F., DEMACS, University of Calabria, Cosenza, Italy; Terracina G., DEMACS, University of Calabria, Cosenza, Italy; Ursino D., DEMACS, University of Calabria, Cosenza, Italy; Virgili L., DII, Polytechnic University of Marche, Ancona, Italy","Conference paper","Final","","Scopus","2-s2.0-85075929532"
"Bonifazi G.; Cauteruccio F.; Corradini E.; Marchetti M.; Terracina G.; Ursino D.; Virgili L.","Bonifazi, Gianluca (57219209867); Cauteruccio, Francesco (55866619400); Corradini, Enrico (57215600247); Marchetti, Michele (57761373300); Terracina, Giorgio (7003682146); Ursino, Domenico (7004353802); Virgili, Luca (57207455746)","57219209867; 55866619400; 57215600247; 57761373300; 7003682146; 7004353802; 57207455746","A framework for investigating the dynamics of user and community sentiments in a social platform","2023","Data and Knowledge Engineering","146","","102183","","","","11","10.1016/j.datak.2023.102183","https://www.scopus.com/inward/record.uri?eid=2-s2.0-85162217254&doi=10.1016%2fj.datak.2023.102183&partnerID=40&md5=6e956af24331477e608e41bf750e4bfa","DII, Polytechnic University of Marche, Italy; DEMACS, University of Calabria, Italy","Bonifazi G., DII, Polytechnic University of Marche, Italy; Cauteruccio F., DII, Polytechnic University of Marche, Italy; Corradini E., DII, Polytechnic University of Marche, Italy; Marchetti M., DII, Polytechnic University of Marche, Italy; Terracina G., DEMACS, University of Calabria, Italy; Ursino D., DII, Polytechnic University of Marche, Italy; Virgili L., DII, Polytechnic University of Marche, Italy","Article","Final","All Open Access; Hybrid Gold Open Access","Scopus","2-s2.0-85162217254"
"Bonifazi G.; Corradini E.; Ursino D.; Virgili L.; Anceschi E.; De Donato M.C.","Bonifazi, Gianluca (57219209867); Corradini, Enrico (57215600247); Ursino, Domenico (7004353802); Virgili, Luca (57207455746); Anceschi, Emiliano (56786490800); De Donato, Massimo Callisto (56785840400)","57219209867; 57215600247; 7004353802; 57207455746; 56786490800; 56785840400","A machine learning based sentient multimedia framework to increase safety at work","2022","Multimedia Tools and Applications","81","1","","141","169","28","9","10.1007/s11042-021-10984-z","https://www.scopus.com/inward/record.uri?eid=2-s2.0-85105779992&doi=10.1007%2fs11042-021-10984-z&partnerID=40&md5=3c860c91c031d12fc5b87b92d24067f2","Department of Information Engineering, Polytechnic University of Marche, Ancona, Italy; Gruppo Filippetti S.p.A., Ancona, Italy","Bonifazi G., Department of Information Engineering, Polytechnic University of Marche, Ancona, Italy; Corradini E., Department of Information Engineering, Polytechnic University of Marche, Ancona, Italy; Ursino D., Department of Information Engineering, Polytechnic University of Marche, Ancona, Italy; Virgili L., Department of Information Engineering, Polytechnic University of Marche, Ancona, Italy; Anceschi E., Gruppo Filippetti S.p.A., Ancona, Italy; De Donato M.C., Gruppo Filippetti S.p.A., Ancona, Italy","Article","Final","All Open Access; Green Open Access; Hybrid Gold Open Access","Scopus","2-s2.0-85105779992"
"Corradini E.; Nicolazzo S.; Nocera A.; Ursino D.; Virgili L.","Corradini, Enrico (57215600247); Nicolazzo, Serena (55909074400); Nocera, Antonino (59310100800); Ursino, Domenico (7004353802); Virgili, Luca (57207455746)","57215600247; 55909074400; 59310100800; 7004353802; 57207455746","Increasing protection and autonomy in the IoT through a two-tier blockchain framework (Discussion paper)","2021","CEUR Workshop Proceedings","2994","","","","","","1","","https://www.scopus.com/inward/record.uri?eid=2-s2.0-85118790911&partnerID=40&md5=ccdf324cda773eaf1aa834d768aeac81","Department of Information Engineering, Polytechnic University of Marche; Daisy Lab., Politechnic University of Marche; Department of Electrical, Computer and Biomedical Engineering, University of Pavia","Corradini E., Department of Information Engineering, Polytechnic University of Marche; Nicolazzo S., Daisy Lab., Politechnic University of Marche; Nocera A., Department of Electrical, Computer and Biomedical Engineering, University of Pavia; Ursino D., Department of Information Engineering, Polytechnic University of Marche; Virgili L., Department of Information Engineering, Polytechnic University of Marche","Conference paper","Final","","Scopus","2-s2.0-85118790911"
"Amelio A.; Bonifazi G.; Corradini E.; Di Saverio S.; Marchetti M.; Ursino D.; Virgili L.","Amelio, Alessia (37120005500); Bonifazi, Gianluca (57219209867); Corradini, Enrico (57215600247); Di Saverio, Simone (57928044000); Marchetti, Michele (57761373300); Ursino, Domenico (7004353802); Virgili, Luca (57207455746)","37120005500; 57219209867; 57215600247; 57928044000; 57761373300; 7004353802; 57207455746","Defining a deep neural network ensemble for identifying fabric colors","2022","Applied Soft Computing","130","","109687","","","","22","10.1016/j.asoc.2022.109687","https://www.scopus.com/inward/record.uri?eid=2-s2.0-85139823367&doi=10.1016%2fj.asoc.2022.109687&partnerID=40&md5=f73ceef164590992c2ddfff111abfcfa","INGEO, University “G. D'Annunzio” of Chieti-Pescara, Italy; DII, Polytechnic University of Marche, Italy; Imola Informatica, Italy","Amelio A., INGEO, University “G. D'Annunzio” of Chieti-Pescara, Italy; Bonifazi G., DII, Polytechnic University of Marche, Italy; Corradini E., DII, Polytechnic University of Marche, Italy; Di Saverio S., Imola Informatica, Italy; Marchetti M., DII, Polytechnic University of Marche, Italy; Ursino D., DII, Polytechnic University of Marche, Italy; Virgili L., DII, Polytechnic University of Marche, Italy","Article","Final","","Scopus","2-s2.0-85139823367"
"Amelio A.; Bonifazi G.; Corradini E.; Ursino D.; Virgili L.","Amelio, Alessia (37120005500); Bonifazi, Gianluca (57219209867); Corradini, Enrico (57215600247); Ursino, Domenico (7004353802); Virgili, Luca (57207455746)","37120005500; 57219209867; 57215600247; 7004353802; 57207455746","A Multilayer Network-Based Approach to Represent, Explore and Handle Convolutional Neural Networks","2023","Cognitive Computation","15","1","","61","89","28","11","10.1007/s12559-022-10084-6","https://www.scopus.com/inward/record.uri?eid=2-s2.0-85143433837&doi=10.1007%2fs12559-022-10084-6&partnerID=40&md5=6d45a4bb0aa9af5297d2f0389d3c9a4e","InGeo, University “G. D’Annunzio” of Chieti-Pescara, Pescara, Italy; DII, Polytechnic University of Marche, Ancona, Italy","Amelio A., InGeo, University “G. D’Annunzio” of Chieti-Pescara, Pescara, Italy; Bonifazi G., DII, Polytechnic University of Marche, Ancona, Italy; Corradini E., DII, Polytechnic University of Marche, Ancona, Italy; Ursino D., DII, Polytechnic University of Marche, Ancona, Italy; Virgili L., DII, Polytechnic University of Marche, Ancona, Italy","Article","Final","","Scopus","2-s2.0-85143433837"
"Bonifazi G.; Cauteruccio F.; Corradini E.; Marchetti M.; Pierini A.; Terracina G.; Ursino D.; Virgili L.","Bonifazi, Gianluca (57219209867); Cauteruccio, Francesco (55866619400); Corradini, Enrico (57215600247); Marchetti, Michele (57761373300); Pierini, Alberto (57812823300); Terracina, Giorgio (7003682146); Ursino, Domenico (7004353802); Virgili, Luca (57207455746)","57219209867; 55866619400; 57215600247; 57761373300; 57812823300; 7003682146; 7004353802; 57207455746","An approach to detect backbones of information diffusers among different communities of a social platform","2022","Data and Knowledge Engineering","140","","102048","","","","15","10.1016/j.datak.2022.102048","https://www.scopus.com/inward/record.uri?eid=2-s2.0-85134563823&doi=10.1016%2fj.datak.2022.102048&partnerID=40&md5=a96b628cbe83c98c77a54d12fee4d62c","DII, Polytechnic University of Marche, Italy; DEMACS, University of Calabria, Italy; Injenia, Italy","Bonifazi G., DII, Polytechnic University of Marche, Italy; Cauteruccio F., DII, Polytechnic University of Marche, Italy; Corradini E., DII, Polytechnic University of Marche, Italy; Marchetti M., DII, Polytechnic University of Marche, Italy; Pierini A., Injenia, Italy; Terracina G., DEMACS, University of Calabria, Italy; Ursino D., DII, Polytechnic University of Marche, Italy; Virgili L., DII, Polytechnic University of Marche, Italy","Article","Final","","Scopus","2-s2.0-85134563823"
"Bonifazi G.; Corradini E.; Ursino D.; Virgili L.","Bonifazi, Gianluca (57219209867); Corradini, Enrico (57215600247); Ursino, Domenico (7004353802); Virgili, Luca (57207455746)","57219209867; 57215600247; 7004353802; 57207455746","New Approaches to Extract Information from Posts on COVID-19 Published on Reddit","2022","International Journal of Information Technology and Decision Making","21","5","","1385","1431","46","8","10.1142/S0219622022500213","https://www.scopus.com/inward/record.uri?eid=2-s2.0-85131100467&doi=10.1142%2fS0219622022500213&partnerID=40&md5=ae4682350f23e9522380dc2a07410c76","Department of Information Engineering, Polytechnic University of Marche, Via Brecce Bianche 12, Ancona, 60131, Italy","Bonifazi G., Department of Information Engineering, Polytechnic University of Marche, Via Brecce Bianche 12, Ancona, 60131, Italy; Corradini E., Department of Information Engineering, Polytechnic University of Marche, Via Brecce Bianche 12, Ancona, 60131, Italy; Ursino D., Department of Information Engineering, Polytechnic University of Marche, Via Brecce Bianche 12, Ancona, 60131, Italy; Virgili L., Department of Information Engineering, Polytechnic University of Marche, Via Brecce Bianche 12, Ancona, 60131, Italy","Article","Final","","Scopus","2-s2.0-85131100467"
"Corradini E.; Nocera A.; Ursino D.; Virgili L.","Corradini, Enrico (57215600247); Nocera, Antonino (59310100800); Ursino, Domenico (7004353802); Virgili, Luca (57207455746)","57215600247; 59310100800; 7004353802; 57207455746","Investigating the phenomenon of NSFW posts in Reddit","2021","Information Sciences","566","","","140","164","24","14","10.1016/j.ins.2021.01.062","https://www.scopus.com/inward/record.uri?eid=2-s2.0-85103375986&doi=10.1016%2fj.ins.2021.01.062&partnerID=40&md5=93c825874b1582f5d42ffaacc408fec8","Department of Information Engineering, Polytechnic University of Marche, Italy; Department of Electrical, Computer and Biomedical Engineering, University of Pavia, Italy","Corradini E., Department of Information Engineering, Polytechnic University of Marche, Italy; Nocera A., Department of Electrical, Computer and Biomedical Engineering, University of Pavia, Italy; Ursino D., Department of Information Engineering, Polytechnic University of Marche, Italy; Virgili L., Department of Information Engineering, Polytechnic University of Marche, Italy","Article","Final","All Open Access; Green Open Access","Scopus","2-s2.0-85103375986"
"Ursino D.; Virgili L.","Ursino, Domenico (7004353802); Virgili, Luca (57207455746)","7004353802; 57207455746","An approach to evaluate trust and reputation of things in a Multi-IoTs scenario","2020","Computing","102","10","","2257","2298","41","10","10.1007/s00607-020-00818-5","https://www.scopus.com/inward/record.uri?eid=2-s2.0-85085105707&doi=10.1007%2fs00607-020-00818-5&partnerID=40&md5=f2c62f8743b485d3b5dace649bb6f230","DII, Polytechnic University of Marche, Ancona, Italy","Ursino D., DII, Polytechnic University of Marche, Ancona, Italy; Virgili L., DII, Polytechnic University of Marche, Ancona, Italy","Article","Final","","Scopus","2-s2.0-85085105707"
"Corradini E.; Porcino G.; Scopelliti A.; Ursino D.; Virgili L.","Corradini, Enrico (57215600247); Porcino, Gianluca (57328288400); Scopelliti, Alessandro (57328288500); Ursino, Domenico (7004353802); Virgili, Luca (57207455746)","57215600247; 57328288400; 57328288500; 7004353802; 57207455746","Fine-tuning SalGAN and PathGAN for extending saliency map and gaze path prediction from natural images to websites","2022","Expert Systems with Applications","191","","116282","","","","6","10.1016/j.eswa.2021.116282","https://www.scopus.com/inward/record.uri?eid=2-s2.0-85121115715&doi=10.1016%2fj.eswa.2021.116282&partnerID=40&md5=6fd617cf5546f25c1611aec2ed38751e","DII, Polytechnic University of Marche, Italy; Data Lab, Daimler AG, Germany","Corradini E., DII, Polytechnic University of Marche, Italy; Porcino G., Data Lab, Daimler AG, Germany; Scopelliti A., DII, Polytechnic University of Marche, Italy; Ursino D., DII, Polytechnic University of Marche, Italy; Virgili L., DII, Polytechnic University of Marche, Italy","Article","Final","All Open Access; Green Open Access","Scopus","2-s2.0-85121115715"
"Cauteruccio F.; Corradini E.; Terracina G.; Ursino D.; Virgili L.","Cauteruccio, Francesco (55866619400); Corradini, Enrico (57215600247); Terracina, Giorgio (7003682146); Ursino, Domenico (7004353802); Virgili, Luca (57207455746)","55866619400; 57215600247; 7003682146; 7004353802; 57207455746","Co-posting Author Assortativity in Reddit","2020","CEUR Workshop Proceedings","2646","","","222","233","11","1","","https://www.scopus.com/inward/record.uri?eid=2-s2.0-85090880791&partnerID=40&md5=29da133ba74981b736a89a1ec1fd9fe4","Demacs, University of Calabria, Italy; Dii, Polytechnic University of Marche, Italy","Cauteruccio F., Demacs, University of Calabria, Italy; Corradini E., Dii, Polytechnic University of Marche, Italy; Terracina G., Demacs, University of Calabria, Italy; Ursino D., Dii, Polytechnic University of Marche, Italy; Virgili L., Dii, Polytechnic University of Marche, Italy","Conference paper","Final","","Scopus","2-s2.0-85090880791"
"Bonifazi G.; Cecchini S.; Corradini E.; Giuliani L.; Ursino D.; Virgili L.","Bonifazi, Gianluca (57219209867); Cecchini, Silvia (57745949900); Corradini, Enrico (57215600247); Giuliani, Lorenzo (57745754100); Ursino, Domenico (7004353802); Virgili, Luca (57207455746)","57219209867; 57745949900; 57215600247; 57745754100; 7004353802; 57207455746","Investigating community evolutions in TikTok dangerous and non-dangerous challenges","2024","Journal of Information Science","50","5","","1170","1194","24","13","10.1177/01655515221116519","https://www.scopus.com/inward/record.uri?eid=2-s2.0-85135949870&doi=10.1177%2f01655515221116519&partnerID=40&md5=f8b9173629196ef02605f836908d9dc5","Department of Information Engineering (DII), Polytechnic University of Marche, Italy","Bonifazi G., Department of Information Engineering (DII), Polytechnic University of Marche, Italy; Cecchini S., Department of Information Engineering (DII), Polytechnic University of Marche, Italy; Corradini E., Department of Information Engineering (DII), Polytechnic University of Marche, Italy; Giuliani L., Department of Information Engineering (DII), Polytechnic University of Marche, Italy; Ursino D., Department of Information Engineering (DII), Polytechnic University of Marche, Italy; Virgili L., Department of Information Engineering (DII), Polytechnic University of Marche, Italy","Article","Final","All Open Access; Green Open Access","Scopus","2-s2.0-85135949870"
"Amelio A.; Bonifazi G.; Cauteruccio F.; Corradini E.; Marchetti M.; Ursino D.; Virgili L.","Amelio, Alessia (37120005500); Bonifazi, Gianluca (57219209867); Cauteruccio, Francesco (55866619400); Corradini, Enrico (57215600247); Marchetti, Michele (57761373300); Ursino, Domenico (7004353802); Virgili, Luca (57207455746)","37120005500; 57219209867; 55866619400; 57215600247; 57761373300; 7004353802; 57207455746","Representation and compression of Residual Neural Networks through a multilayer network based approach","2023","Expert Systems with Applications","215","","119391","","","","23","10.1016/j.eswa.2022.119391","https://www.scopus.com/inward/record.uri?eid=2-s2.0-85145582861&doi=10.1016%2fj.eswa.2022.119391&partnerID=40&md5=99863ef4884287df1cebaac12903f6de","INGEO, University “G. D'Annunzio” of Chieti-Pescara, Italy; DII, Polytechnic University of Marche, Italy","Amelio A., INGEO, University “G. D'Annunzio” of Chieti-Pescara, Italy; Bonifazi G., DII, Polytechnic University of Marche, Italy; Cauteruccio F., DII, Polytechnic University of Marche, Italy; Corradini E., DII, Polytechnic University of Marche, Italy; Marchetti M., DII, Polytechnic University of Marche, Italy; Ursino D., DII, Polytechnic University of Marche, Italy; Virgili L., DII, Polytechnic University of Marche, Italy","Article","Final","","Scopus","2-s2.0-85145582861"
"Bonifazi G.; Corradini E.; Porcino G.; Scopelliti A.; Ursino D.; Virgili L.","Bonifazi, Gianluca (57219209867); Corradini, Enrico (57215600247); Porcino, Gianluca (57328288400); Scopelliti, Alessandro (57328288500); Ursino, Domenico (7004353802); Virgili, Luca (57207455746)","57219209867; 57215600247; 57328288400; 57328288500; 7004353802; 57207455746","Applying generative adversarial networks to perform gaze path prediction in websites","2021","CEUR Workshop Proceedings","2994","","","","","","0","","https://www.scopus.com/inward/record.uri?eid=2-s2.0-85118794801&partnerID=40&md5=8b426008a1db81b125aacf2fb19916de","DII, Polytechnic University of Marche; Data Labs, Daimler AG; Energy Intelligence","Bonifazi G., DII, Polytechnic University of Marche; Corradini E., DII, Polytechnic University of Marche; Porcino G., Data Labs, Daimler AG; Scopelliti A., Energy Intelligence; Ursino D., DII, Polytechnic University of Marche; Virgili L., DII, Polytechnic University of Marche","Conference paper","Final","","Scopus","2-s2.0-85118794801"
"Bonifazi G.; Corradini E.; Ursino D.; Virgili L.","Bonifazi, Gianluca (57219209867); Corradini, Enrico (57215600247); Ursino, Domenico (7004353802); Virgili, Luca (57207455746)","57219209867; 57215600247; 7004353802; 57207455746","A Social Network Analysis–based approach to investigate user behaviour during a cryptocurrency speculative bubble","2023","Journal of Information Science","49","4","","1060","1085","25","9","10.1177/01655515211047428","https://www.scopus.com/inward/record.uri?eid=2-s2.0-85121417941&doi=10.1177%2f01655515211047428&partnerID=40&md5=fff80790d1c6b8281a12d098ca069a59","Department of Information Engineering, Marche Polytechnic University, Italy","Bonifazi G., Department of Information Engineering, Marche Polytechnic University, Italy; Corradini E., Department of Information Engineering, Marche Polytechnic University, Italy; Ursino D., Department of Information Engineering, Marche Polytechnic University, Italy; Virgili L., Department of Information Engineering, Marche Polytechnic University, Italy","Article","Final","","Scopus","2-s2.0-85121417941"
"Amelio A.; Cauteruccio F.; Ursino D.; Virgili L.","Amelio, Alessia (37120005500); Cauteruccio, Francesco (55866619400); Ursino, Domenico (7004353802); Virgili, Luca (57207455746)","37120005500; 55866619400; 7004353802; 57207455746","2nd International Conference on Visual Pattern Extraction and Recognition for Cultural Heritage Understanding (VIPERC 2023)","2023","CEUR Workshop Proceedings","3600","","","","","","0","","https://www.scopus.com/inward/record.uri?eid=2-s2.0-85182030953&partnerID=40&md5=8cfe442ac15041191082960d16942805","InGeo, University “G. d’Annunzio"" Chieti-Pescara, Viale Pindaro 42, Pescara, 65127, Italy; DII, Marche Polytechnic University, Via Brecce Bianche 12, Ancona, 60131, Italy","Amelio A., InGeo, University “G. d’Annunzio"" Chieti-Pescara, Viale Pindaro 42, Pescara, 65127, Italy; Cauteruccio F., DII, Marche Polytechnic University, Via Brecce Bianche 12, Ancona, 60131, Italy; Ursino D., DII, Marche Polytechnic University, Via Brecce Bianche 12, Ancona, 60131, Italy; Virgili L., DII, Marche Polytechnic University, Via Brecce Bianche 12, Ancona, 60131, Italy","Conference paper","Final","","Scopus","2-s2.0-85182030953"
"Bonifazi G.; Cauteruccio F.; Corradini E.; Marchetti M.; Terracina G.; Ursino D.; Virgili L.","Bonifazi, Gianluca (57219209867); Cauteruccio, Francesco (55866619400); Corradini, Enrico (57215600247); Marchetti, Michele (57761373300); Terracina, Giorgio (7003682146); Ursino, Domenico (7004353802); Virgili, Luca (57207455746)","57219209867; 55866619400; 57215600247; 57761373300; 7003682146; 7004353802; 57207455746","NT4XAI: a Framework Exploiting Network Theory to Support XAI on Classifiers (Discussion Paper)","2023","CEUR Workshop Proceedings","3478","","","41","50","9","0","","https://www.scopus.com/inward/record.uri?eid=2-s2.0-85173524518&partnerID=40&md5=6e2e0418f42b87c951753bd6a625428c","DII, Polytechnic University of Marche, Italy; DEMACS, University of Calabria, Italy","Bonifazi G., DII, Polytechnic University of Marche, Italy; Cauteruccio F., DII, Polytechnic University of Marche, Italy; Corradini E., DII, Polytechnic University of Marche, Italy; Marchetti M., DII, Polytechnic University of Marche, Italy; Terracina G., DEMACS, University of Calabria, Italy; Ursino D., DII, Polytechnic University of Marche, Italy; Virgili L., DII, Polytechnic University of Marche, Italy","Conference paper","Final","","Scopus","2-s2.0-85173524518"
"Donato C.; Lo Giudice P.; Marretta R.; Ursino D.; Virgili L.","Donato, Claudia (57209208431); Lo Giudice, Paolo (57200591793); Marretta, Roberta (57209204211); Ursino, Domenico (7004353802); Virgili, Luca (57207455746)","57209208431; 57200591793; 57209204211; 7004353802; 57207455746","A well-tailored centrality measure for evaluating patents and their citations","2019","Journal of Documentation","75","4","","750","772","22","5","10.1108/JD-10-2018-0168","https://www.scopus.com/inward/record.uri?eid=2-s2.0-85066866400&doi=10.1108%2fJD-10-2018-0168&partnerID=40&md5=3a9412d76c406fbe2f05bde1b359c318","Avanade, Milan, Italy; University Mediterranea of Reggio Calabria, Reggio Calabria, Italy; Accenture, Milan, Italy; Department of Information Engineering, Polytechnic University of Marche, Ancona, Italy","Donato C., Avanade, Milan, Italy; Lo Giudice P., University Mediterranea of Reggio Calabria, Reggio Calabria, Italy; Marretta R., Accenture, Milan, Italy; Ursino D., Department of Information Engineering, Polytechnic University of Marche, Ancona, Italy; Virgili L., Department of Information Engineering, Polytechnic University of Marche, Ancona, Italy","Article","Final","","Scopus","2-s2.0-85066866400"
